1,Active,2020-01-10,Frederick,Barnes,Male,f.barnes@newmail.com,094-8926-78,38582,"",2020-01-01,2020-01-10
2,Active,2020-01-10,Alford,Grant,Male,a.grant@newmail.com,389-8947-85,53126,"",2020-01-01,2020-01-10
3,Active,2020-01-10,Sydney,Farrell,Female,s.farrell@newmail.com,187-8343-84,151217,"",2020-01-01,2020-01-10
4,Active,2020-01-10,Rosie,Richards,Female,r.richards@newmail.com,357-9337-53,162461,"",2020-01-01,2020-01-10
5,Active,2020-01-10,Jared,Wright,Male,j.wright@newmail.com,256-0454-59,98258,"",2020-01-01,2020-01-10
6,Active,2020-01-10,Alberta,Brooks,Female,a.brooks@newmail.com,896-2884-61,97078,"",2020-01-01,2020-01-10
7,Active,2020-01-10,Cherry,Harrison,Female,c.harrison@newmail.com,069-7921-78,156759,"",2020-01-01,2020-01-10
8,Active,2020-01-10,Edith,Fowler,Female,e.fowler@newmail.com,507-8262-99,132468,"",2020-01-01,2020-01-10
9,Active,2020-01-10,Alfred,Mason,Male,a.mason@newmail.com,718-7756-65,48496,"",2020-01-01,2020-01-10
10,Active,2020-01-10,Jessica,Hamilton,Female,j.hamilton@newmail.com,670-5046-24,175777,"",2020-01-01,2020-01-10
11,Active,2020-01-10,Lilianna,Crawford,Female,l.crawford@newmail.com,339-0865-57,148448,"",2020-01-01,2020-01-10
12,Active,2020-01-10,Jack,Brooks,Male,j.brooks@newmail.com,020-1068-47,77024,"",2020-01-01,2020-01-10
13,Active,2020-01-10,Wilson,Morrison,Male,w.morrison@newmail.com,152-0725-67,38296,"",2020-01-01,2020-01-10
14,Active,2020-01-10,Cadie,Evans,Female,c.evans@newmail.com,360-2903-44,103136,"",2020-01-01,2020-01-10
15,Active,2020-01-10,Adelaide,Owens,Female,a.owens@newmail.com,082-2307-17,130388,"",2020-01-01,2020-01-10
16,Active,2020-01-10,Dale,Morgan,Male,d.morgan@newmail.com,056-1660-19,161900,"",2020-01-01,2020-01-10
17,Active,2020-01-10,Tiana,Cameron,Female,t.cameron@newmail.com,941-8465-88,134040,"",2020-01-01,2020-01-10
18,Active,2020-01-10,Eddy,Ferguson,Male,e.ferguson@newmail.com,351-1295-46,147343,"",2020-01-01,2020-01-10
19,Active,2020-01-10,Sawyer,Owens,Male,s.owens@newmail.com,216-0400-38,70190,"",2020-01-01,2020-01-10
20,Active,2020-01-10,Lucas,Jones,Male,l.jones@newmail.com,146-8629-51,80877,"",2020-01-01,2020-01-10
21,Active,2020-01-10,Oscar,Smith,Male,o.smith@newmail.com,935-1911-34,80407,"",2020-01-01,2020-01-10
22,Active,2020-01-10,Tony,Hamilton,Male,t.hamilton@newmail.com,481-7914-72,125895,"",2020-01-01,2020-01-10
23,Active,2020-01-10,Dale,Smith,Male,d.smith@newmail.com,022-9025-15,43457,"",2020-01-01,2020-01-10
24,Active,2020-01-10,Julia,Cunningham,Female,j.cunningham@newmail.com,068-3478-85,31744,"",2020-01-01,2020-01-10
25,Active,2020-01-03,Stella,Hunt,Female,s.hunt@newmail.com,194-7397-62,122746,"",2020-01-01,2020-01-03
25,Inactive,2020-01-04,Stella,Hunt,Female,s.hunt@newmail.com,194-7397-62,122746,2020-01-04,2020-01-04,2020-01-04
26,Active,2020-01-10,Marcus,Casey,Male,m.casey@newmail.com,869-0917-23,44508,"",2020-01-01,2020-01-10
27,Active,2020-01-10,Adrianna,Montgomery,Female,a.montgomery@newmail.com,131-6228-32,77391,"",2020-01-01,2020-01-10
28,Active,2020-01-10,Elise,Farrell,Female,e.farrell@newmail.com,485-8347-57,101616,"",2020-01-01,2020-01-10
29,Active,2020-01-10,Gianna,Wells,Female,g.wells@newmail.com,025-9261-71,116267,"",2020-01-01,2020-01-10
30,Active,2020-01-10,Alan,Richardson,Male,a.richardson@newmail.com,717-4445-07,155763,"",2020-01-01,2020-01-10
31,Active,2020-01-10,Dexter,Mitchell,Male,d.mitchell@newmail.com,347-2261-81,100671,"",2020-01-01,2020-01-10
32,Active,2020-01-10,Lucas,Stewart,Male,l.stewart@newmail.com,574-6739-42,160630,"",2020-01-01,2020-01-10
33,Active,2020-01-10,Amelia,Brown,Female,a.brown@newmail.com,413-0482-31,78101,"",2020-01-01,2020-01-10
34,Active,2020-01-10,Florrie,Perry,Female,f.perry@newmail.com,140-5497-36,76212,"",2020-01-01,2020-01-10
35,Active,2020-01-10,Evelyn,Howard,Female,e.howard@newmail.com,172-6900-55,141921,"",2020-01-01,2020-01-10
36,Active,2020-01-10,Tara,Kelly,Female,t.kelly@newmail.com,524-1286-07,123628,"",2020-01-01,2020-01-10
37,Active,2020-01-10,Clark,Jones,Male,c.jones@newmail.com,054-7974-05,161306,"",2020-01-01,2020-01-10
38,Active,2020-01-10,Blake,Perkins,Male,b.perkins@newmail.com,241-1297-51,130133,"",2020-01-01,2020-01-10
39,Active,2020-01-10,Frederick,Howard,Male,f.howard@newmail.com,355-3311-00,188087,"",2020-01-01,2020-01-10
40,Active,2020-01-10,Hailey,Cunningham,Female,h.cunningham@newmail.com,005-4307-69,101193,"",2020-01-01,2020-01-10
41,Active,2020-01-10,Arnold,Wright,Male,a.wright@newmail.com,478-0123-70,135221,"",2020-01-01,2020-01-10
42,Active,2020-01-10,Kelvin,Bailey,Male,k.bailey@newmail.com,562-0700-89,154900,"",2020-01-01,2020-01-10
43,Active,2020-01-10,Elise,Perkins,Female,e.perkins@newmail.com,760-4413-39,78430,"",2020-01-01,2020-01-10
44,Active,2020-01-10,Derek,Wells,Male,d.wells@newmail.com,570-4726-83,136224,"",2020-01-01,2020-01-10
45,Active,2020-01-10,Melissa,Craig,Female,m.craig@newmail.com,270-8938-39,117043,"",2020-01-01,2020-01-10
46,Active,2020-01-10,Maya,Foster,Female,m.foster@newmail.com,023-9093-10,94513,"",2020-01-01,2020-01-10
47,Active,2020-01-10,Kelsey,Adams,Female,k.adams@newmail.com,240-1057-30,71748,"",2020-01-01,2020-01-10
48,Active,2020-01-10,Abigail,Cole,Female,a.cole@newmail.com,536-0077-66,32619,"",2020-01-01,2020-01-10
49,Active,2020-01-10,Melissa,Morgan,Female,m.morgan@newmail.com,020-3660-63,128964,"",2020-01-01,2020-01-10
50,Active,2020-01-10,Nicole,Harrison,Female,n.harrison@newmail.com,436-5251-31,51556,"",2020-01-01,2020-01-10
